output,gravityDecay,countryGravityDecay,gammaSectors,gammaLinks,gammaOrigin,gammaDestination
internationalization,0.2558809637689867,0.6579017160191208,9.798392349436359E-4,-5.120066176174941E-4,0.0261079337954924,0.02564034215267214
metropolization,0.019212136661890408,0.019537927725804566,0.01578831257616743,-0.002138788132918964,0.23580032179724525,0.23655042351387578
networkModularity,0.34332678483040474,0.6032208255837836,-5.347656392980572E-4,0.001549764700950123,0.007079347309625172,0.003351953197263627
networkAvgCommunitySize,0.003670615851282361,0.012573979236248697,0.0031683667193624777,0.0011666884122068203,0.31402515170949025,0.34030514810805806
networkAvgDegree,0.0,0.0,0.0,0.0,0.0,0.0
networkDegreeEntropy,0.0031765231082461795,0.00236533416884668,0.008438910610184753,0.003371166474163771,0.4869403851313524,0.48159589488831267
flowsEntropy,0.04041978841264766,0.04244747969141165,0.02759669899594966,0.02285361179954388,0.4188657461329678,0.40619014555363286
firmLinks,0.01981563267026081,0.022928504612444774,0.0018705936757298595,-0.0011229453238351,0.4465435443242388,0.4477686471397382
