output,gravityDecay,countryGravityDecay,gammaSectors,gammaLinks,gammaOrigin,gammaDestination
internationalization,0.27938571085169817,0.6837881702586602,0.008403100711930825,0.00707057637976141,0.040980278662939795,0.04058120661809078
metropolization,0.03586472037897918,0.03776823308844708,0.2613503491321273,0.010626891080292175,0.6532288504751165,0.657875517372916
networkModularity,0.3771744271573371,0.6435631759235398,0.016129187675562883,0.014903007540923493,0.028979453502784292,0.028512766968821362
networkAvgCommunitySize,0.09742723851266538,0.11782059952145282,0.07146261335044939,0.039991317953600565,0.6022201541990896,0.6259746132058198
networkAvgDegree,0.0,0.0,0.0,0.0,0.0,0.0
networkDegreeEntropy,0.033488141249599666,0.032271222121292784,0.03589898498171527,0.030606780774921488,0.5240345460453698,0.5255961917469689
flowsEntropy,0.14993688592711177,0.15079030338986366,0.10738581156526211,0.10385655889236121,0.549299962021408,0.5547496504704041
firmLinks,0.031096774642575896,0.034286482088798774,0.011627005301472726,0.005914457518684065,0.5061008255409173,0.5068641940170161
