evolution$generation,gravityDecay,countryGravityDecay,gammaSectors,gammaLinks,gammaOrigin,gammaDestination,mselog,logmse,evolution$samples
1,3553.8427513271026,43.88131377479079,8.195912229166025,5.571419453881601,8.90153582090848,9.887499219885846,5.198604295770841,34.22761431576201,1
