output,gravityDecay,countryGravityDecay,gammaSectors,gammaLinks,gammaOrigin,gammaDestination
internationalization,0.24362529656573495,0.6743152015683689,0.001268332555530722,4.8644718021352443E-4,0.026594181966517767,0.02577098704280702
metropolization,0.01872465754297588,0.021574555792949583,0.001976579481886073,0.0014066150962231086,0.24415923575847034,0.24840339711559042
networkModularity,0.33467378659524544,0.6107300911834391,0.0038070097362740687,-3.831070908156691E-4,0.004919582528020539,-0.0022521286929209237
networkAvgCommunitySize,0.0076421516408244575,0.014249914866017692,0.0020092864258247425,0.0029211141882109853,0.3270930241807654,0.3547457648985279
networkAvgDegree,0.0,0.0,0.0,0.0,0.0,0.0
networkDegreeEntropy,0.00581869566496629,0.0027577559550166224,0.00645529665115919,0.008218189359204405,0.48411280385709105,0.48615986736317074
flowsEntropy,0.03507423326872363,0.030444488103860128,0.007807349721047215,0.014815724771067436,0.4083150026056397,0.40141773541555903
firmLinks,0.013260585395766605,0.017889794115583408,0.0024154648219986484,0.003027975465935865,0.4595617953606808,0.46135400361085616
