output,gravityDecay,countryGravityDecay,gammaSectors,gammaLinks,gammaOrigin,gammaDestination
internationalization,0.2623197561718232,0.6990684282259226,0.008557050650071939,0.007383346324695043,0.043607148993984414,0.04447282876875217
metropolization,0.13859898404311896,0.14978619667516332,0.097859956524098,0.09510064552248884,0.6364883140141722,0.6427052014010086
networkModularity,0.36582007067418826,0.6488961545010627,0.018014168047295973,0.015211067470658441,0.03462720022197604,0.032980011302308536
networkAvgCommunitySize,0.09634005143850029,0.10075418387998934,0.07381798235221225,0.03837980489979149,0.6004989752546753,0.6194391639406592
networkAvgDegree,0.0,0.0,0.0,0.0,0.0,0.0
networkDegreeEntropy,0.020660278938856216,0.021138006198215608,0.025166924478982763,0.01966289595449267,0.5113866662180376,0.5138899410495253
flowsEntropy,0.10212029438020404,0.11139729710063848,0.07681175035290949,0.07310183502232172,0.5356290663424268,0.5391238065722272
firmLinks,0.019694577462603037,0.02483309589327531,0.009299916146860574,0.004701754735366691,0.5085622550090644,0.5089493855036502
